user_id,country_code,user_name_len,full_name_len,intro_len,external_url,is_joined_recently,is_private,is_verified,is_business_account,highlight_reel_count,following_count,followed_count,post_count,avg_comment,avg_like,avg_post_len,avg_#,avg_@,var_comment,var_like,var_post_len,var_#,var_@,label
45991287822,US,15,0,107,,0,0,0,0,0,2283,494,93,0.817204301,11.55913978,165.2258065,7.311827957,0,1.629266012,20.90135577,14448.7202,19.86909771,0,1
31288892879,US,10,10,7,,0,0,0,0,0,8,12,4,1.5,1,15.25,0,0,7.714285714,0,53.92857143,0,0,1
35370882820,US,14,26,135,,0,0,0,0,3,7451,1370,56,4.232142857,77.89285714,151.1964286,7.035714286,0.017857143,31.49058442,2310.461039,18357.21526,96.03506494,0.017857143,1
9010246147,US,12,11,139,,0,0,0,1,2,5795,4053,297,6.296296296,452.537037,436.0462963,26.63888889,0.203703704,35.9487712,22603.20422,53738.58662,211.9898754,0.20110765,1
26070345040,US,11,12,39,,0,0,0,0,0,946,177,17,0.529411765,33.82352941,379,26.64705882,0.941176471,1.139705882,176.9044118,8960.375,50.24264706,0.433823529,1
7045106677,US,17,4,71,https://fanlink.to/do-it-for-you-dami-remix,0,0,0,1,3,3632,635,17,22.35294118,139.1176471,156.8823529,0,0.235294118,516.8676471,5353.485294,19702.36029,0,0.316176471,1
1414981255,US,9,15,0,,0,0,0,1,2,2536,1156,84,1.023809524,32,36.75,1.023809524,0.047619048,4.023522662,2304.240964,6837.828313,1.999426277,0.118187034,1
1725001185,US,15,7,0,,0,1,0,0,0,5634,457,25,0,0,0,0,0,0,0,0,0,0,1
7558134426,US,19,21,14,,0,0,0,1,0,7438,3061,17,16.76470588,508.1764706,184.2352941,9.411764706,0.117647059,231.6911765,20579.90441,8677.691176,54.63235294,0.110294118,1
6659466616,US,11,12,145,,0,1,0,0,0,3789,2560,67,0,0,0,0,0,0,0,0,0,0,1
11647103845,US,19,0,0,,0,0,0,0,0,7338,570,4,0.5,10.5,0,0,0,0.333333333,11.66666667,0,0,0,1
3685989117,US,18,6,32,,0,0,0,0,14,6438,1602,95,4.115789474,45.26315789,12.01052632,0,0,24.01836506,105.7066069,717.6701008,0,0,1
11446297006,US,11,12,0,,0,0,0,0,1,2088,204,357,0.009259259,4.833333333,3.231481481,0,0.018518519,0.009259259,6.420560748,112.9085324,0,0.018345448,1
12315233298,US,10,4,0,,0,0,0,0,0,1326,150,0,0,0,0,0,0,0,0,0,0,0,1
6724879285,US,15,25,141,,0,0,0,1,3,6870,1206,16,1.3125,36.5,127.125,3.75,1.8125,2.229166667,286.5333333,8660.516667,27.53333333,1.3625,1
4471960714,US,15,2,0,,0,0,0,0,0,42,19,6,0.5,3.5,15.33333333,0,0,0.636363636,5,89.33333333,0,0,1
5453978816,US,9,3,48,,0,0,0,0,0,41,40,30,0.6,6.383333333,13.2,0.366666667,0,1.328813559,7.325141243,465.3830508,0.439548023,0,1
14969460950,US,12,0,89,,0,0,0,0,0,358,11,0,0,0,0,0,0,0,0,0,0,0,1
11400437889,US,8,0,87,,0,0,0,0,0,6871,210,0,0,0,0,0,0,0,0,0,0,0,1
9126022391,US,17,4,0,,0,0,0,0,1,6610,656,485,0.12037037,12.59259259,0,0,0,0.125562478,131.8511596,0,0,0,1
11317116435,US,7,0,86,,0,0,0,0,0,6803,201,0,0,0,0,0,0,0,0,0,0,0,1
1688552836,US,14,3,7,,0,0,0,0,0,68,20,37,0.189189189,2.378378378,10.94594595,0,0.027027027,0.210292484,9.060348019,152.1066272,0,0.026656794,1
2308030559,US,23,27,90,https://thisisme.click/j39au,0,0,1,1,0,28,70096,31,62.51612903,1987.741935,310.9354839,0.032258065,0.322580645,1246.791398,841609.5978,71897.66237,0.032258065,0.292473118,1
12773702650,US,7,7,53,http://mau5hop.com/,0,0,1,1,0,58,6441,23,28.04347826,426.0869565,144.3043478,5.391304348,1.173913043,4757.86166,107673.2648,15511.67589,10.52173913,1.33201581,1
7059147985,US,23,27,35,http://revr.ec/NOSTALGIA,0,0,1,1,5,1426,75457,163,90.08333333,3104.407407,170.0648148,6.962962963,1.259259259,15205.8528,6886699.216,10176.26679,42.07338179,2.343371409,1
366539122,US,9,11,136,https://linktr.ee/WeRaveYou,0,0,0,1,6,1252,134309,4211,109.6388889,4909.166667,372.0648148,2.222222222,1.712962963,5658.588006,18756652.5,164829.3135,39.83800623,1.851419176,1
32104415,US,12,8,35,https://sptfy.com/5lvH,0,0,1,0,17,673,79713,1008,71.12962963,1931.185185,39.48148148,0.046296296,0.222222222,2300.039114,455680.5822,2338.36414,0.044565594,0.230529595,1
2142065368,US,12,17,90,,0,0,1,1,3,115,127257,1166,33.59259259,1133.851852,148.9074074,1.592592593,1.518518519,474.4492904,277523.3797,12757.6549,3.40256144,11.72862582,1
1269893232,US,8,9,148,https://heartfeldt.me/,0,0,1,0,0,1446,436455,43,108.4146341,7386.95122,123.5853659,0.12195122,0.512195122,2669.04878,1661594.848,11816.59878,0.109756098,0.856097561,1
257001759,US,11,6,65,https://ffm.bio/maddix,0,0,1,1,11,518,79683,619,100.8611111,2091.37037,107.7222222,0.509259259,0.166666667,6240.1581,488195.7868,18289.081,0.420474213,0.196261682,1
1512714305,US,7,10,1,,0,0,1,1,0,125,57392,57,28.45614035,1321.947368,25.47368421,0.052631579,0.087719298,724.9310777,560061.1222,794.2894737,0.05075188,0.081453634,1
304808431,US,16,9,19,http://stmpd.co/F97FtxRz,0,0,1,1,18,555,80674,783,114.8703704,2033.314815,76.21296296,0,0.287037037,4848.188647,1023795.657,2123.926186,0,0.243942541,1
4444797667,US,7,4,81,https://nwyr.to/shenron,0,0,1,0,2,2,47901,70,141.6,4448.085714,32.34285714,0,0,12821.14203,2432481.326,482.0256729,0,0,1
40956021,US,14,13,67,http://bit.ly/LIIIVETP,0,0,1,1,4,723,66776,1421,63.46296296,1405.648148,123.5092593,0.148148148,0.435185185,6354.643475,397075.4264,12330.08403,0.146071305,0.65931118,1
1677451565,US,11,12,69,https://spinnindeep.release.link/premier-gaou,0,0,1,1,5,102,564985,238,11.82407407,999.8333333,150.3333333,2.111111111,1.731481481,113.8846487,778325.8411,3090.598131,1.034267913,1.319747317,1
243469801,US,11,12,102,https://linktr.ee/sizerecords,0,0,1,1,2,143,48139,1442,21.31481481,808.287037,98.80555556,0.101851852,1.361111111,720.142956,310274.8608,20022.04595,0.148407754,0.999221184,1
3950679437,US,14,16,149,https://linktr.ee/stmpdrcrdsnews,0,0,0,1,5,448,10729,1362,10.41666667,484.1111111,216.5,1.018518519,1.055555556,103.7219626,55532.04361,66720.96262,16.05572863,3.566978193,1
18521753,US,6,6,23,http://linktr.ee/zomboy,0,0,1,0,0,189,577493,1350,77.14814815,6518.268519,37.9537037,0,0.12962963,3952.83766,6262656.609,932.0445656,0,0.132571824,1
2286230089,US,12,24,127,https://orcd.co/superpowers,0,0,1,0,0,930,1639682,582,437.7407407,33858.55556,100.3981481,0.731481481,0.472222222,837910.2686,514395427.3,15542.50355,2.516009,1.391744548,1
7323307,US,12,4,44,http://outnow.io/t/inmyheadonmymind/,0,0,1,0,6,286,264495,1145,52.76851852,1860.611111,66.32407407,0.268518519,0.416666667,1569.787037,985807.1745,8651.585583,0.628158532,0.60046729,1
291997129,US,13,8,23,http://stmpd.co/kRBv9tJY,0,0,1,0,4,772,41377,143,46.39814815,2529.611111,74.58333333,0.064814815,0.657407407,2326.597006,642073.1184,3876.843458,0.173329872,1.06844929,1
392664688,US,8,8,53,http://linktr.ee/vicetone,0,0,1,1,15,12,344059,1157,86.13888889,3299.796296,132.5555556,0.148148148,0.212962963,34356.86838,3591149.584,23361.22118,0.445136726,0.41216684,1
248279850,US,10,11,106,,0,0,1,1,1,1,497806,0,0,0,0,0,0,0,0,0,0,0,1
1777865675,US,10,5,42,https://smarturl.it/imv3,0,0,1,0,0,239,349288,1577,261.4537037,13970.72222,50.99074074,0.055555556,0.212962963,42135.33429,16170987.34,1486.831689,0.052959502,0.243942541,1
38803239,US,11,12,113,https://linktr.ee/kryder,0,0,1,1,8,686,83895,1388,133.9351852,1215.574074,583.8333333,11.85185185,4.740740741,13758.60324,447355.0505,100797.2991,93.67878159,30.5302873,1
5783421,US,10,11,82,https://dharmamusic.release.link/now-or-never-with-thomas-gold,0,0,1,1,8,520,139978,2387,20.11111111,751.7962963,86.55555556,1.481481481,1.305555556,204.5856698,237111.0422,3922.137072,9.747317411,2.606697819,1
104989834,US,6,6,107,http://theclub.tv/dannic,0,0,1,1,22,356,495842,2471,90.43518519,3942.018519,82.96296296,0.62037037,0.287037037,5002.659311,3998553.607,9973.867774,0.910609207,0.486933195,1
17494436,US,10,5,63,https://ffm.bio/marlo,0,0,1,1,6,205,153359,2588,87.86111111,2747.824074,167.8796296,0.148148148,1.564814815,4282.419782,4306228.128,22645.00407,0.276912426,2.528470059,1
1738558981,US,11,19,80,https://linktr.ee/amffestival,0,0,1,1,4,26,166105,1106,48.31481481,2559.037037,253.4259259,0.601851852,0.833333333,2888.124264,3838254.055,31593.44306,12.41009,1.598130841,1
196365989,US,8,5,78,https://open.spotify.com/artist/6WGE3kO8ULME2ErBcOksSR?si=uV59H_19Tma1VXn_xK05DA,0,0,1,0,7,201,146685,681,109.8703704,2861.944444,153.5925926,0.240740741,0.342592593,11979.1793,901207.9221,37991.86985,0.483558325,0.451626861,1
312986651,US,17,12,0,http://www.magnificencemusic.com/,0,0,0,1,5,567,28190,0,0,0,0,0,0,0,0,0,0,0,1
747262753,US,11,12,92,http://raveculture.io/watr,0,0,1,1,5,45,161614,202,180.5185185,4176.805556,53.16666667,0.064814815,0.009259259,22135.24264,3423411.504,410.7570093,0.098563517,0.009259259,1
175156696,US,12,30,150,http://feddelegrand.lnk.to/InLoveWithYou,0,0,1,0,7,164,432843,3430,60.41666667,4326.092593,151.787037,0.435185185,0.425925926,992.9556075,2054927.804,53082.3374,0.827535479,1.274835583,1
192191769,US,9,0,28,https://armas1916.lnk.to/PlayingGames,0,0,1,1,12,1465,62333,1648,37.7962963,1097.759259,114.6111111,1.092592593,2.324074074,704.0889581,1375893.063,6064.258567,1.991346487,3.249134649,1
1671252298,US,5,5,61,https://monstercat.ffm.to/breathe-q0jd,0,0,1,1,1,885,242742,1122,103.3611111,4708.111111,117.2685185,0.185185185,0.759259259,8268.307632,4468034.006,39307.37582,0.189685012,1.679820007,1
1231094146,US,22,30,62,http://doornrecords.release.link/what-you-want-1/,0,0,1,1,21,148,597939,2338,29.84259259,1255.787037,91.16666667,0.046296296,0.703703704,704.6946175,936791.272,3803.915888,0.081948771,0.827275874,1
22009471,US,9,10,29,https://lnk.to/EPNOPUS,0,0,1,1,0,367,504572,558,743.0833333,21212.50926,57.35185185,0.175925926,0.314814815,535905.3855,177216345.7,2312.1928,0.165022499,0.385946694,1
7935094,US,12,13,67,https://lnk.to/LBLWhistle,0,0,1,1,8,285,632353,3058,83.21296296,3331.796296,145,0.12037037,0.638888889,10733.60843,5032820.893,11638.61682,0.181637245,0.681464174,1
31979762,US,15,29,40,http://revr.ec/FLAME,0,0,1,1,41,493,323237,2278,110.1018519,4921.638889,82.19444444,0.5,0.861111111,15151.10168,63075287.99,3144.812305,0.551401869,1.148753894,1
53903439,US,12,13,62,https://bit.ly/3aqEmk6,0,0,1,1,19,219,256810,3949,60.05555556,2077.555556,206.1203704,1.111111111,1.490740741,3346.239875,1595198.38,27822.87323,1.464174455,2.869072343,1
18936248,US,10,11,142,https://arep.co/p/clubinseasons2,0,0,1,0,3,544,160387,293,51.71296296,1130.407407,104.2314815,0.037037037,0.490740741,2418.019643,672380.3184,5038.459934,0.035998615,0.756922811,1
46521516,US,13,13,68,https://linksome.me/lucasandsteve,0,0,1,1,3,1289,260422,1743,117.7222222,5426.259259,136.1111111,0.25,0.324074074,21822.37072,5585263.708,15362.79128,0.693925234,0.46408792,1
295548645,US,20,24,38,http://fanlink.to/myfeelings_dvw/,0,0,1,1,18,601,112508,1582,90.21296296,1947.731481,156.1481481,0.046296296,1.148148148,7297.926186,795325.731,53658.5199,0.044565594,1.734856352,1
180974394,US,11,11,100,https://ffm.bio/anjunabeats,0,0,1,1,5,420,215733,2849,60.86111111,2261.796296,322.9907407,3.833333333,2.898148148,5257.316978,3674305.397,33609.07468,9,3.774575978,1
18721413,US,9,4,8,http://store.artyofficial.com/,0,0,1,0,5,381,139606,23,141.1304348,3116.782609,73.04347826,0.173913043,0.217391304,10075.84585,1354487.178,5597.679842,0.241106719,0.268774704,1
187926625,US,8,8,58,https://linkin.bio/beatport,0,0,1,1,12,2165,807085,6504,33.56481481,1745.453704,328.7685185,0.861111111,2.972222222,2622.696694,4193495.185,40893.50666,1.578660436,6.887071651,1
259397391,US,10,12,120,http://lnk.to/pvd_guidinglight/,0,0,1,0,5,6597,414516,5063,113.7222222,3874.759259,68.26851852,0.537037037,0.342592593,17860.1838,8597913.549,3248.665542,0.437867774,0.358168917,1
1553931196,US,11,6,29,https://epic247.fanlink.to/InsideTheRave-Shapov,0,0,1,1,10,205,49788,607,54.98148148,2148.305556,104.0648148,0.259259259,1.601851852,1327.308065,1127365.934,4135.986414,0.455520942,1.793267567,1
381989673,US,19,12,85,http://www.lisamichels.com/,0,0,1,1,16,1380,61180,1120,84.2962963,2800.407407,135.3703704,1.092592593,0.527777778,3200.52821,1293620.748,24183.61855,1.075458636,1.933800623,1
46956673,US,12,13,5,,0,0,1,0,0,241,1205116,1,14,25288,0,0,0,0,0,0,0,0,1
191955619,US,12,17,46,http://shopgr.id/dancingastro,0,0,1,1,12,803,126154,5394,52.53703704,2009.675926,251.25,0.009259259,3.601851852,2641.596746,1832579.249,14387.55374,0.009259259,15.34466944,1
290994462,US,13,26,113,https://www.saatchiart.com/art/Painting-Mellow/1191327/4752885/view,0,0,0,1,13,431,8232,1469,17.14814815,375.7314815,115.3518519,3.101851852,0.185185185,143.6413984,99121.17021,15700.80962,21.28859467,0.208376601,1
17463365,US,12,11,34,https://ffm.to/hiiigh,0,0,1,1,0,443,183834,968,24.83333333,1158.324074,63.27777778,0.074074074,0.759259259,697.6168224,272039.679,3555.623053,0.069228107,1.32467982,1
228269423,US,8,8,0,https://linktr.ee/mau5trap,0,0,1,1,7,119,130276,2386,12.98148148,798.8611111,101.3981481,0.574074074,1.953703704,89.88750433,383788.8684,969.3072863,0.377639322,1.128677743,1
28851572,US,18,13,95,http://ultramusic.com/,0,0,1,1,9,594,573651,3122,14.13888889,966.9166667,70.80555556,0.212962963,0.75,264.326324,435432.1893,1504.008567,0.187867774,0.712616822,1
6964241662,US,12,14,61,https://youtu.be/Xq8c45SvTJc,0,0,0,0,0,424,605,132,5.490740741,145.287037,51.02777778,0,0.361111111,12.14010038,5389.776653,1391.541277,0,0.475856698,1
31288892879,US,10,10,7,,0,0,0,0,0,8,12,4,1.5,1,15.25,0,0,7.714285714,0,53.92857143,0,0,1
550480784,US,6,6,37,https://linktr.ee/axtone,0,0,1,1,7,150,106893,2130,27.87037037,745.4259259,71.08333333,0.055555556,1.083333333,1605.216684,926467.2375,6122.787383,0.07165109,2.189252336,1
10179481,US,8,18,1,,0,0,1,0,1,213,1074630,1,20,21860,0,0,0,0,0,0,0,0,1
39377970,US,6,6,0,http://www.momentumfoundation.org/,0,0,1,0,2,186,1397516,1,0,22176,0,0,0,0,0,0,0,0,1
40357265,US,17,0,0,http://swedishhousemafia.com/,0,0,1,0,0,3,827192,1,0,30228,0,0,0,0,0,0,0,0,1
6002323046,US,17,18,36,https://lnk.bio/8k4B,0,0,0,1,1,276,1655,26,10.69230769,211,78.42307692,0.269230769,0,68.22153846,8975.04,1606.573846,0.204615385,0,1
276166533,US,13,6,112,https://www.djtimes.com/2020/12/shogun-creative-downtime-interview/,0,0,1,1,0,15,285542,93,8.88172043,4217.301075,30.80645161,0.139784946,0.11827957,381.6923796,26060122.69,2343.875175,0.25198691,0.148901356,1
3608077888,US,11,13,100,http://yoninamusic.com/event-info/tour-hebrew,0,0,0,0,9,125,17331,182,24.50925926,785.8333333,415.0555556,2.861111111,0.583333333,637.2615957,246510.5327,84105.54829,6.550623053,0.955607477,1
319987532,US,8,8,129,http://prot.cl/rememberFa,0,0,1,0,31,1191,79054,1552,26.42592593,1281.694444,86.68518519,0.435185185,0.935185185,299.6860505,300774.7188,7260.572863,0.864918657,2.304170993,1
23814473,US,10,12,134,https://www.parfym.se/relationspodden,0,1,1,0,0,2687,202444,9456,0,0,0,0,0,0,0,0,0,0,1
4172929775,US,14,5,139,https://revr.ec/DIRTY-DANCE,0,0,0,1,11,258,6461,219,3.842592593,105.287037,37.77777778,0.222222222,0.462962963,7.049757702,11519.77665,491.3894081,0.62305296,0.493942541,1
198081712,US,10,8,81,https://badguru.substack.com/p/new-age-and-the-religion-of-self?utm_campaign=post&utm_medium=web&utm_source=copy,0,0,1,1,21,1853,45633,1001,85.41666667,1001.796296,292.8888889,0.583333333,0.490740741,8416.712617,1070704.687,101229.3894,1.759345794,0.682156456,1
8881621405,US,11,16,146,http://www.avicii.com/,0,0,0,0,3,3,10942,3635,6.055555556,317.6944444,68.30555556,0.990740741,0.314814815,28.31464174,26663.39174,39238.77492,0.009259259,1.189685012,1
25063782,US,8,8,48,https://rezzmau5.ffm.to/hypnocurrency,0,0,1,1,22,109,2527225,3241,202.3240741,12774.56481,94.63888889,0.305555556,1.166666667,63214.4454,110048206.4,4264.04595,0.345015576,1.205607477,1
33055151,US,9,10,109,https://lnk.bio/blacc,0,0,1,1,14,1155,173010,1396,35.75,1467.527778,217.7407407,1.861111111,1.333333333,1410.264019,2194449.597,65748.21253,13.26090343,3.439252336,1
310670677,US,13,16,0,,0,0,1,0,0,933,31494,952,66.2962963,1831.611111,152.462963,1.083333333,2.509259259,8191.855313,3481499.698,47347.40983,2.581775701,8.140100381,1
214275881,US,12,4,49,http://revr.ec/FOOLS-GOLD,0,0,1,1,15,115,24145,288,48.5,1375.490741,103.7685185,0.027777778,0.324074074,4581.841121,415447.7102,17079.78704,0.027258567,0.557545864,1
293879594,US,13,14,112,http://usab.com/,0,0,1,1,0,194,3227123,4210,51.25,10242,69.33333333,0.592592593,0.564814815,2552.936916,135293634.9,1967.738318,0.355832468,0.547161648,1
21953690,US,12,13,93,http://solo.to/sanholobeats,0,0,1,1,7,7464,471266,73,531.1527778,11981.54167,264.4722222,0.458333333,0.347222222,1128967.202,35599726.14,40043.52034,2.139084507,0.680555556,1
43431703,US,11,6,78,http://stmpd.co/aU5f6T,0,0,1,0,6,1843,11029,112,16.00925926,284.1759259,128.8333333,0.37962963,1.101851852,165.4672032,23028.38932,8271.448598,1.228366217,2.148407754,1
206034174,US,4,26,20,http://shaqpack.com/,0,0,1,0,6,1508,18882342,3178,1990.814815,160806.3148,135.4166667,0.768518519,1.462962963,12284066.94,39200534627,15489.75935,3.13283143,4.120110765,1
225923860,US,14,9,129,https://ingroov.es/i-wanna-be-there,0,0,1,1,10,972,329119,558,59.59259259,2869.666667,78.49074074,0.601851852,0.546296296,4511.963309,2287300.729,4012.121409,0.933454483,0.530546902,1
18706841,US,7,11,6,,0,0,1,1,0,688,8891181,1462,1553.481481,267019.3611,102.6388889,0.518518519,0.564814815,4284555.056,34267332735,20341.55997,0.999653859,0.603236414,1
302166998,US,8,17,148,https://linkin.bio/asotlive,0,0,1,1,4,234,361488,5536,102.0740741,4230.268519,341.4537037,3.842592593,4.027777778,13423.13465,4094563.525,32756.73615,3.928262375,14.1394081,1
23613805,US,3,10,50,https://childhooddreams.la/products/limited-edition-lakers-world-champs,0,0,1,1,0,289,5149337,551,1648.212963,301407.5741,49.59259259,0.203703704,0.259259259,3797196.674,37618127427,5131.047421,0.275874005,0.305988231,1
175434065,US,13,14,25,https://linktr.ee/DamianLillard,0,0,1,0,14,2559,8857781,4159,1066.185185,154862.8519,142.2592593,0.990740741,1.018518519,3650363.068,25353080369,16647.42748,1.523277951,1.551055729,1
36118956,US,10,13,118,https://charity.gofundme.com/o/en/campaign/help-feed-the-frontline-fighting-covid-19,0,0,1,1,0,738,6871295,434,2205.101852,358595.4259,71.75925926,0.87037037,0.481481481,5947435.887,66874627255,6333.960194,0.861543787,0.756663205,1
297467441,US,15,13,101,http://stmpd.co/Uc4VmAxE,0,0,1,1,5,1016,303917,1270,199.0185185,8727.509259,72.16666667,0.259259259,0.287037037,14417.009,9417924.701,7098.364486,0.492904119,0.300017307,1
237213623,US,10,11,3,,0,0,1,1,0,600,5674637,1487,2174.953704,442549.3704,20.56481481,0.425925926,0.046296296,5326152.306,68974421710,1025.668657,0.489788854,0.063257182,1
912639211,US,12,25,124,https://antetokounbros.com/,0,0,1,0,1,8,8902296,724,1300.527778,351571.9074,35.39814815,0.148148148,0.157407407,3241981.224,35951808532,1340.671772,0.314295604,0.246019384,1
1485011963,US,8,9,30,https://bit.ly/2VmN62c,0,0,1,0,0,409,3828365,119,39.86111111,269024.213,71.51851852,0.685185185,0.277777778,477.1674455,23449671151,4740.532364,1.22706819,0.295950156,1
7050373159,US,5,6,0,,0,0,1,0,5,485,2035775,43,667.0465116,128236.1163,36.11627907,0.093023256,0.325581395,385413.2359,7194676171,696.8671096,0.086378738,0.320044297,1
14805456,US,8,9,96,https://youtu.be/VitvWa7qtLo,0,0,1,1,5,182,24145612,982,3699.324074,989347.1204,71.87962963,1.037037037,0.314814815,7125196.707,1.23E+11,2860.237712,1.064035999,0.423329872,1
2926336915,US,13,5,95,https://linktr.ee/cartaofficial,0,0,1,1,1,2191,36159,46,25.7826087,548.5,65.45652174,0.369565217,0.282608696,374.4850242,41392.34444,3048.92029,0.371497585,0.473913043,1
2027733186,US,9,6,96,https://youtu.be/VGcVh_8Saao,0,0,0,0,7,787,1309135,835,490.5277778,78508.10185,352.2222222,5.944444444,0.287037037,1361490.083,646017765.8,25671.33333,11.00623053,0.318708896,1
51222544,US,11,11,113,http://discord.gg/headhunterz,0,0,1,1,18,993,842182,1471,573.8703704,23878.7963,212.3703704,0.083333333,0.287037037,526279.4223,162295816.7,70011.35687,0.095794393,0.543007961,1
2862911778,US,10,11,35,http://stmpd.co/newreleases/,0,0,1,1,14,128,454820,1646,117.9074074,8360.953704,74.38888889,0.009259259,1.722222222,24527.13153,18017313.18,1095.080997,0.009259259,1.529595016,1
371116921,US,12,5,22,https://bit.ly/3a7vW0q,0,0,1,1,4,95,102805,2811,19.98148148,917.6574074,160.6759259,3.685185185,0.101851852,935.4762894,260138.4516,4481.118294,0.741086881,0.20448252,1
3562365017,US,14,18,126,http://1001.tl/discord/,0,0,0,0,9,3175,383039,2214,106.9907407,5347.166667,881.4074074,0.453703704,3.064814815,3493.093371,5652675.224,9714.355832,9.352976809,1.201367255,1
192224388,US,13,5,46,https://cutt.ly/wvsO99X,0,0,1,0,0,291,673802,3684,77.80555556,4543.907407,59.24074074,0.240740741,0.37962963,3846.195483,7132995.804,2402.334026,0.184492904,0.443319488,1
5727537940,US,15,6,33,https://linktr.ee/dharmaworldwide,0,0,1,1,6,38,140315,713,32.55555556,1550.314815,93.07407407,0.824074074,0.898148148,384.4361371,785757.9,10289.901,0.520162686,1.082987193,1
43084131,US,11,0,47,https://y.at/headphone.zap.piano,0,0,1,1,7,143,893946,2009,109.5925926,7038.407407,137.1203704,0.259259259,0.694444444,17889.70163,16827555.63,18578.76108,0.362062998,1.391744548,1
1991757842,US,16,18,120,https://fhm.lnk.to/playlists,0,0,1,1,6,329,225967,1554,57.66666667,3023.101852,108.4907407,0.064814815,0.018518519,4007.831776,99441413.38,3020.869072,0.061180339,0.018345448,1
16145656,US,12,13,36,http://spinninrecords.release.link/stay-mine,0,0,1,1,8,7483,1731445,2925,635.8981481,59421.23148,67.42592593,0,0.175925926,784246.8587,16955773708,2375.91035,0,0.202405677,1
289499891,US,18,19,97,http://prot.cl/links,0,0,1,1,11,294,335655,2656,18.05555556,710.8240741,169.2592593,0.055555556,1.916666667,385.7912773,236399.9407,1516.231222,0.052959502,1.142523364,1
240563593,US,11,11,96,https://orcd.co/blasterjaxx-mioa,0,0,1,1,8,827,976295,3049,251.25,10497.81481,127.4259259,2.916666667,0.453703704,38831.75935,26053900.1,8249.293527,5.441588785,0.605313257,1
196362639,US,12,15,51,http://stmpd.co/OGEyeYsu,0,0,1,1,5,242,270673,1542,100.7685185,5487.944444,104.1759259,0.092592593,0.675925926,8157.880495,7045639.268,10452.35194,0.140879197,1.062218761,1
1313608126,US,10,11,22,http://stmpd.co/3219pqPX,0,0,1,0,24,981,112342,815,66.2037037,3589.009259,91.08333333,0.101851852,0.305555556,4107.266528,3026383.112,5476.413551,0.111024576,0.662772586,1
237193987,US,19,21,51,http://a-d-e.co/linkinbio,0,0,1,1,3,628,229926,2516,19.75,1908.472222,349.9907407,0.907407407,0.203703704,1351.759346,40089842.92,46711.09337,0.234337141,0.388023538,1
9407242056,US,14,15,34,https://linktr.ee/cymaticsfm,0,0,0,1,2,807,233041,474,443.7685185,5327.814815,369.1388889,0.712962963,0.333333333,619787.488,12107518.15,144478.6815,8.243942541,0.91588785,1
9271372088,US,12,13,58,https://linktr.ee/cymaticsfm,0,0,0,0,3,1360,270590,33,197.09375,7436.15625,210.875,1.3125,0.4375,102826.6683,38409146.85,157411.9839,11.44758065,0.576612903,1
271702521,US,11,11,68,https://amelielens.biglink.to/news,0,0,1,0,7,452,1651045,1458,805.2037037,67380.21296,90,0.111111111,0.666666667,449868.9862,1505136086,6204.35514,0.15576324,0.654205607,1
249188418,US,10,5,64,http://stmpd.co/9bTZ2v6e,0,0,1,0,7,838,210479,1556,193.6296296,10242.27778,88.33333333,0.157407407,0.731481481,25619.56248,19769574.17,9691.495327,0.189944618,1.095448252,1
1767975805,US,9,10,0,,0,0,1,0,0,784,103543,1,1448,20765,0,0,0,,,,,,1
615584964,US,13,24,25,https://brooks.ffm.to/paperthinremix,0,0,1,0,12,450,134836,476,196.6203704,9314.009259,74.57407407,0.064814815,0.481481481,23759.93865,8404442.383,15399.01315,0.079871928,0.588438906,1
3172371113,US,11,12,138,https://fhc.fanlink.to/giveittome,0,0,0,1,4,628,8907,38,113.3947368,1375.894737,163.2105263,0.078947368,0.394736842,10091.97511,212362.9616,131201.0896,0.074679943,0.731863442,1
187664226,US,10,11,0,https://www.youtube.com/watch?v=9SGas5sExVA,0,0,1,0,29,50,1753500,2735,479.1018519,45314.4537,101.1944444,0.037037037,0.814814815,370689.3447,1891018076,25006.27025,0.035998615,1.890619592,1
10304447,US,21,18,120,https://linktr.ee/charlottedewittemusic,0,0,1,0,5,993,1837309,2401,896.0925926,74549.27778,59.81481481,0.101851852,0.268518519,506054.4586,877594951.5,10266.07754,0.111024576,0.366476289,1
10514392220,US,13,13,102,https://open.spotify.com/album/6PdjDgSy8qlELk5Kx5Z9Gm?si=hlWD88JPTBGx-kPBY0zEbg,0,0,0,1,2,595,465,26,4.038461538,98.73076923,315.6538462,16.84615385,0.923076923,28.99846154,5170.524615,39664.87538,216.9353846,0.633846154,1
9424925197,US,21,23,54,http://forabetterday.se/,0,0,1,1,2,12,64250,11,368.6363636,14934.27273,180.7272727,0.636363636,0.454545455,127309.2545,106613155.4,65048.61818,4.454545455,1.472727273,1
145741718,US,8,14,52,https://open.spotify.com/track/4xhSe2VYQbWBugfm8O4UW8?si=6WtEbWZTSYi1j7DDwfF8FQ,0,0,1,1,7,934,12747,800,32.5462963,857.6574074,91.64814815,0.092592593,0.277777778,1031.446435,127928.2834,23897.53859,0.084804431,0.408099688,1
54043822,US,6,5,34,https://armas1909r.lnk.to/TakeYourTimeDR,0,0,1,1,0,1027,60069,179,75.53703704,2076.990741,98.67592593,0.25,1.296296296,3909.40983,557788.813,4751.604275,0.376168224,2.73381793,1
2751971797,US,9,10,60,http://linktr.ee/hexagonhq,0,0,1,1,7,198,286248,2092,41.33333333,1753.194444,95.21296296,0.055555556,1.305555556,782.317757,863786.3076,695.5523538,0.07165109,0.980529595,1
544616744,US,15,17,39,https://spinninsessions.lnk.to/linkinbio,0,0,1,1,11,125,341113,1512,39.40740741,5150.259259,129.8888889,1.398148148,0.768518519,32379.79508,700799585,5222.006231,0.466164763,1.095448252,1
744183464,US,14,23,24,https://musicalfreedom.lnk.to/housepartyIN,0,0,1,1,7,511,508344,3536,42.62962963,2794.861111,132.9166667,0,2.074074074,1165.394254,1663673.074,3742.189252,0,3.676704742,1
272022909,US,10,16,30,http://barong.family/drxgs,0,0,1,1,12,3857,1002166,8722,219,20104.83333,91.65740741,0.083333333,0.398148148,92563.1215,168393855.2,16264.71331,0.301401869,6.540931118,1
40328602,US,3,7,120,https://linkin.bio/edm,0,0,1,1,5,580,789376,4054,35.38888889,3176.824074,172.1203704,0.194444444,0.611111111,4340.165109,24876207.79,5198.817151,1.260903427,3.15576324,1
189802609,US,5,5,56,https://smarturl.it/StVincentGoFundMe,0,0,1,0,36,7497,5768711,6924,823.2777778,73683.93519,113.0462963,0.083333333,0.583333333,731989.7352,3157652078,44976.36232,0.114485981,1.292056075,1
181395647,US,5,20,74,https://ultramusicfestival.com/,0,0,1,0,2,61,3245114,2989,1006,24238.35185,144.2407407,0.796296296,1.148148148,35601242.73,270647819.5,12952.95085,0.257182416,10.80027691,1
205107877,US,8,8,37,https://lnk.to/Quintino-ComingHome,0,0,1,1,5,947,854321,2836,497.3240741,8859.583333,123.6759259,0.092592593,0.305555556,13181499.06,22151264.51,20693.45474,0.122187608,0.588006231,1
298228470,US,11,12,108,https://linkin.bio/armadamusic,0,0,1,1,18,707,851069,12005,50.59259259,2815.314815,488.1481481,2.425925926,6.907407407,2323.010038,4056260.292,136347.0433,2.115957079,44.62686051,1
363327219,US,7,7,23,https://djsnake.lnk.to/SelfishLoveTiesto,0,0,1,1,5,607,8055260,2792,4296.638889,248034.1389,32.82407407,0.055555556,0.222222222,105664197.5,6777679272,1979.136985,0.07165109,0.249221184,1
373587641,US,13,6,69,https://linktr.ee/djmagofficial,0,0,1,1,18,2014,1052046,8577,30.71296296,1974.546296,142.3888889,4.546296296,0.324074074,2987.963569,3942265.129,7022.707165,2.324939425,0.781844929,1
378386629,US,11,19,87,https://revr.ec/RRSPV1,0,0,1,1,7,196,904660,3821,45.00925926,2193.305556,142.9166667,0.018518519,1.722222222,1491.616736,1327561.298,7775.385514,0.018345448,1.697819315,1
19359711,US,8,8,24,http://www.skrillex.com/,0,0,1,1,3,2074,9138199,6,3250.166667,234414.6667,56,0,0.833333333,6977603.767,20757188849,18682,0,4.166666667,1
53672690,US,14,16,85,https://spinnin.lnk.to/bio,0,0,1,1,10,324,3351321,9687,136.7037037,15345.19444,175.8888889,0.231481481,3.175925926,62138.37868,346128681.4,22015.03427,0.310401523,19.90334026,1
52844525,US,10,3,138,http://raveculture.io/rcl001,0,0,1,0,3,138,1130691,746,976.3055556,35811.25,63.31481481,0.027777778,0.046296296,9802139.653,88667686.68,4323.862582,0.045950156,0.081948771,1
144108526,US,23,25,129,https://dvlm.lnk.to/DancingSoon,0,0,1,1,1,423,4260639,3009,258.8055556,33392.39815,107.2314815,0.268518519,1.018518519,112232.4572,661036206.1,6385.487972,0.441242645,1.177223953,1
256567430,US,13,23,150,https://heldeep.lnk.to/Zapdos,0,0,1,0,26,2073,1481314,2014,392.3703704,45020.47222,311.712963,0.5,2.277777778,85282.49706,8551534322,108384.3187,0.794392523,10.10903427,1
295424908,US,12,13,64,https://www.musicalfreedom.com/get-dirty,0,0,1,1,5,1041,329618,1055,189.7222222,11332.52778,108.2222222,0.148148148,0.481481481,17283.71651,15153990.01,17403.95016,0.463828314,0.607130495,1
180912227,US,8,4,38,http://afrojack.com/staymine/,0,0,1,1,8,536,3796970,279,454.537037,49191.62963,89.32407407,0.490740741,0.944444444,468077.5033,4966236573,8387.828574,2.476548979,2.950155763,1
34820881,US,11,11,72,http://nickyrome.ro/links/,0,0,1,0,7,529,2791423,3191,572.2407407,34705.69444,110.6666667,0.083333333,0.333333333,493425.792,255813210,21337.38318,0.095794393,0.654205607,1
195734327,US,11,12,78,https://joelcorry.lnk.to/BED-David-Guetta-Mix,0,0,1,1,1,643,8764107,1466,1469.203704,128900.2037,93.0462963,0.37962963,1.092592593,2607271.827,11805576352,7799.109986,0.368553133,1.094150225,1
143773149,US,6,6,13,https://orcd.co/goingdumb,0,0,1,1,6,670,3181982,724,498.7407407,43444.75926,62.9537037,0.101851852,0.351851852,238647.2593,825188517,4962.156715,0.148407754,0.435790931,1
366581549,US,12,12,41,http://tomorrow.land/linkinbio,0,0,1,1,4,138,7427479,2523,494.2777778,77883.24074,154.4814815,0,1.055555556,550786.2212,4423115584,17322.49498,0,1.697819315,1
913386804,US,15,16,136,http://lostfrequencies.lnk.to/rise/,0,0,1,0,2,805,764922,2370,308.3703704,19413.58333,134.5092593,0.055555556,0.601851852,132900.684,117275317.1,14091.28029,0.052959502,0.989529249,1
25573937,US,5,5,40,https://kshmr.fanlink.to/twwlb-yt,0,0,1,1,6,332,1429761,47,212.4255319,12474.89362,108.8297872,0.021276596,0.382978723,65817.59759,85352873.58,7748.318224,0.021276596,0.893617021,1
28527810,US,12,13,2,,0,0,1,0,4,0,81977083,454,60108.43519,7155692.111,68.89814815,0.12962963,0.194444444,2481921303,1.33E+13,21744.85869,0.132571824,0.326323988,1
26555275,US,12,13,17,https://www.bseglobal.net/social-justice-commitment-statement/,0,0,1,1,13,97,3029498,9017,402.462963,51802.55556,45.98148148,0.111111111,0.481481481,204604.6996,1317839655,2459.36414,0.118380062,0.663205261,1
11830955,US,11,12,44,https://taylor.lnk.to/fearlesstaylorsversion,0,0,1,0,7,0,154253327,500,0,2021893.75,189.6388889,0.111111111,0.657407407,0,6.67E+11,51977.7095,0.099688474,1.68527172,1
1771001302,US,17,15,117,,0,0,0,1,5,220,1005925,6104,176.2962963,27504.89815,113.9166667,0.851851852,0.018518519,37564.15438,292720950.9,21854.56308,8.351678782,0.018345448,1
1818392454,US,8,11,38,https://www.ebay.com/e/fashion/sneakers-all-ag-020321,0,0,1,0,1,759,764056,974,321.3796296,33034.82407,169.5648148,0.953703704,0.75,128296.9293,537970520.4,25330.32286,1.63335064,1.273364486,1
13864937,US,15,0,0,http://apple.co/theetcs,0,0,1,0,0,2237,11883035,68,3519.132353,366081.5294,64.45588235,0.323529412,0.602941176,41018903.19,73931321541,4375.266681,0.431079895,1.108647937,1
250131908,US,8,8,114,http://smarturl.it/ColdplayStore,0,0,1,1,3,45,12348798,1987,2460.611111,180155.3889,162.4814815,1.175925926,0.833333333,7326050.875,19769091205,11249.22395,1.08091035,1.112149533,1
212742998,US,11,12,12,http://wonder.lnk.to/deluxe,0,0,1,0,0,1259,59585612,2366,13978.61111,1896018.657,91.69444444,0.537037037,0.703703704,176079525.5,2.18E+12,14289.55997,0.437867774,1.182416061,1
624168435,US,9,4,22,https://smarturl.it/GATD,0,0,1,1,7,179,4022983,146,1325.018519,113460.4722,121.1666667,0.055555556,0.648148148,1902735.719,3219088843,16593.63551,0.07165109,0.884389062,1
40188103,US,5,5,0,https://www.cybr.at/r3hab,0,0,1,1,6,1766,2402188,2758,904.8796296,33563.31481,47.03703704,0.083333333,0.388888889,1733946.051,342637546.4,1499.400485,0.077102804,0.53894081,1
50118968,US,9,10,35,http://beberexha.lnk.to/Bio,0,0,1,1,3,1376,10617956,1138,1549.648148,284001.8519,95.00925926,0.287037037,1.055555556,997921.7442,28287359975,7869.168138,0.374783662,5.62305296,1
237513547,US,12,13,0,,0,0,1,0,1,1153,9680358,32,618.8965517,115500.8621,116.5517241,0,1.034482759,527780.0246,10795704009,69131.75616,0,2.60591133,1
7555881,US,11,12,0,http://monthly.com/charlie/,0,0,1,1,0,277,15359346,187,7671.666667,739338.213,40.36111111,0.055555556,0.111111111,29998833.5,60183852070,1954.737539,0.090342679,0.230529595,1
205634318,US,11,11,34,https://cleanbandit.lnk.to/Higher-Acoustic,0,0,1,1,13,540,1285814,2810,122.4444444,19796.12963,145.1574074,0.074074074,0.935185185,16303.98754,144041089.6,15019.36751,0.087919695,7.949030807,1
198936816,US,15,16,22,https://blacklivesmatter.com/,0,0,1,1,1,1419,7054003,1,20585,316814,5,1,0,0,0,0,0,0,1
1540079,US,6,7,33,http://zoukgrouplv.com/tiesto/,0,0,1,0,3,880,6313889,31,912.9354839,74322.87097,69.58064516,0,0.225806452,358151.9957,1915364019,2240.851613,0,0.313978495,1
13369638,US,8,8,69,https://revr.ec/TSOH-ALBUM,0,0,1,1,20,223,4908673,2543,187.0925926,31310.24074,160.5277778,0.851851852,0.787037037,23540.15957,600599194.1,11151.44782,0.146071305,1.533662167,1
667249073,US,15,11,32,https://milly.ffm.to/nteraw,0,0,1,1,0,85,8320044,563,1330.111111,189034,47.86111111,0.157407407,0.138888889,1273455.184,7837922657,4604.345016,0.208636206,0.195482866,1
1660662141,US,15,10,13,https://marshmellomusic.com/,0,0,1,0,2,548,29317369,55,4438.745455,709504.4,36.38181818,0.054545455,0.418181818,18038152.3,2.60E+11,6098.277441,0.052525253,0.618181818,1
185546187,US,12,10,0,https://edsheeran.lnk.to/Afterglow,0,0,1,0,0,2,31815339,2041,4466.546296,611586.0648,123.3796296,0.398148148,1.574074074,59866762.14,1.43E+11,21527.84519,0.540931118,9.162686051,1
204633036,US,6,20,66,http://di.sn/6006H2Duy,0,0,1,1,3,171,52425062,5190,992.9074074,270967.1389,141.6481481,0.462962963,1.148148148,4128138.795,70597240485,5937.594669,0.400484597,1.230183454,1
30464350,US,12,13,36,http://stmpd.co/xsVhytU6,0,0,1,0,15,1873,16000852,3097,3153.703704,397910.5926,59.11111111,0.037037037,0.564814815,10665889.86,51955630189,7015.034268,0.035998615,0.771460713,1
192648052,US,14,16,79,https://alessoavb.lnk.to/LALLIO,0,0,1,1,8,423,3264963,3034,582.4074074,43145.44444,211.6851852,1.166666667,0.768518519,321924.9353,534520153.9,33600.90931,1.859813084,0.702924888,1
22088943,US,9,10,40,http://smarturl.it/AokiMaciejNFT?IQid=instagram,0,0,1,1,56,7494,8973527,12388,260.8148148,23921.7037,161.9537037,0.388888889,1.453703704,173456.0215,390203417.7,40963.7455,0.482866044,2.399705781,1
264046920,US,9,10,125,https://linktr.ee/dondiablo,0,0,1,0,68,928,2052571,3347,550.9722222,25799.61111,107.6574074,0.898148148,0.296296296,1169798.681,171702570.6,5539.685272,0.858688127,0.303911388,1
24632982,US,6,6,64,https://aviciitributeconcert.com/stream,0,0,1,1,0,148,6951677,1291,9456.861111,225153.5741,62.86111111,0.175925926,0.138888889,5082105765,1.15E+11,5712.008567,0.202405677,0.214174455,1
19410587,US,9,12,0,,0,0,1,0,0,353,82605417,2160,14211.64815,1766485.963,149.9814815,0.990740741,0.657407407,192710676.1,1.38E+12,15169.9062,0.831689166,0.956299758,1
6691429,US,7,9,142,https://youtu.be/-7uaa_ONFo0,0,0,1,0,6,305,6699375,3774,899.037037,148392.8241,89.65740741,1.546296296,0.259259259,454983.8865,4508855548,14899.1806,3.053911388,0.586362063,1
6199406489,US,11,19,144,,0,0,0,1,5,43,180480,196,10.21296296,448.0833333,274.8611111,19.2037037,0.240740741,556.2065594,58105.1986,23551.95249,109.004846,0.203184493,1
1287006597,US,9,10,0,,0,0,1,0,0,64,69369584,1674,7763.101852,1179931.38,113.9259259,1.009259259,0.314814815,59868439.1,6.87E+11,17372.08792,2.009259259,1.021460713,1
4471960714,US,15,2,0,,0,0,0,0,0,42,19,6,0.5,3.5,15.33333333,0,0,0.636363636,5,89.33333333,0,0,1
5453978816,US,9,3,48,,0,0,0,0,0,41,40,30,0.6,6.383333333,13.2,0.366666667,0,1.328813559,7.325141243,465.3830508,0.439548023,0,1
184644748,US,3,10,35,http://hoo.be/cp3/,0,0,1,0,14,939,10109395,1404,766.3518519,116483.3519,132.1759259,0.657407407,1.12962963,1071315.52,11416525620,28872.16502,0.694617515,2.973693319,1
1606728,US,7,14,45,https://www.tdgarden.com/playitsafe,0,0,1,1,6,188,5489441,8676,291.4166667,43485.08333,46.40740741,0.185185185,0.296296296,245635.4977,1735214883,3871.38387,0.432675666,0.602976809,1
351564405,US,10,11,87,,0,0,1,0,3,376,20651272,426,8094.194444,885906.6296,185.0462963,1.583333333,0.861111111,3280247818,2.23E+12,32401.68943,1.51635514,1.559968847,1
18296287,US,10,10,37,https://linktr.ee/dwyanewade,0,0,1,1,6,1652,17466525,3095,1872.564815,198661.0185,86.50925926,0.305555556,0.740740741,11551330.66,39421156759,9144.60739,0.345015576,0.978885427,1
20824486,US,3,3,116,https://app.link.nba.com/e/MVP_Ladder12,0,0,1,1,8,999,55492308,40587,990.8611111,276070.9861,72.94444444,0.166666667,1.074074074,963272.1853,34063507876,2266.582946,0.195348837,0.999138674,1
10768203,US,11,13,137,,0,0,1,0,5,693,14494767,380,4198.768519,346692.75,140.1944444,0.287037037,0.555555556,26284142.37,66528171841,70408.25156,0.41216684,0.77258567,1
6860189,US,12,13,36,https://justinbieber.lnk.to/JusticeTCD,0,0,1,0,3,565,171318395,6303,8456.509259,1479251.426,42.32407407,0.092592593,0.990740741,36512847.75,1.10E+12,3440.408013,0.103496019,1.99056767,1
25025320,US,9,9,100,https://www.instagram.com/coronavirus_info/,0,0,1,0,12,73,390615920,6744,10102.21296,543266.5741,635.1203704,0.814814815,2.564814815,69473754.32,98111938305,143309.3405,0.507442021,1.369591554,1
5016456788,US,14,21,148,https://shopee.tw/black_holyland?smtt=0.0.9,0,0,0,1,10,699,4667,459,0,37.99074074,328.0925926,2.712962963,0.009259259,0,266.2709415,21042.62686,7.608428522,0.009259259,1
1688552836,US,14,3,7,,0,0,0,0,0,68,20,37,0.189189189,2.378378378,10.94594595,0,0.027027027,0.210292484,9.060348019,152.1066272,0,0.026656794,1
20824486,US,3,3,116,https://app.link.nba.com/e/MVP_Ladder12,0,0,1,1,8,999,55492413,40587,990.8611111,276070.9861,72.94444444,0.166666667,1.074074074,963272.1853,34063507876,2266.582946,0.195348837,0.999138674,1
268332101,US,10,23,54,https://bape.com/,0,0,1,1,33,50,2286032,8107,80,13395.83333,228.4722222,4.083333333,0.564814815,8512.018692,119161325.7,33500.04595,2.189252336,0.771460713,1
18914335,US,9,18,37,http://vans.com/skate,0,0,1,1,3,768,3513752,5624,70.61111111,23597.03704,234.2037037,0.296296296,2.462962963,7863.454829,396912336.2,4395.939425,0.453444098,2.176185531,1
16033149,US,13,10,10,http://undefeated.com/,0,0,1,1,0,16,1971168,6946,91.66666667,6768.805556,268.4814815,0.111111111,1.074074074,57159.36449,114167630.4,54079.31741,0.323987539,0.723433714,1
6716197,US,8,8,65,http://converse.com/,0,0,1,1,16,19,10206562,533,237.5740741,62405.68519,625.3425926,0.675925926,1.740740741,116168.5085,5102197290,105379.218,0.482779508,4.418137764,1
18919774,US,4,4,102,http://vans.com/,0,0,1,1,0,302,17491474,4178,194.5277778,50587.72222,168.6018519,0.018518519,0.638888889,121031.3917,764121668.4,9996.354015,0.018345448,0.887071651,1
391093397,US,7,14,116,http://us.bape.com/,0,0,1,1,12,38,4734931,4595,164.2222222,23971.03704,241.5092593,2.981481481,0.398148148,25932.47352,294792222.5,39691.31767,3.102457598,0.765230183,1
28527494,US,12,3,91,http://linkin.bio/hufworldwide,0,0,1,1,24,23,1526855,4775,54.63888889,9169.148148,113.2222222,1.25,0.814814815,13231.69081,42439763.64,8932.080997,0.563084112,1.105572863,1
8559032,US,11,17,3,https://m.youtube.com/watch?v=I5fk_tASEMM&t=1447s,0,0,1,0,0,1480,6768131,9490,635.212963,120937.9074,80.53703704,0.009259259,1.842592593,553149.3654,6088102990,28079.22291,0.009259259,1.423589477,1
1435383863,US,20,25,11,http://www.antisocialsocialclub.com/,0,0,1,1,0,0,2435619,2508,138.1111111,19503.67593,118.0462963,0,0.009259259,41526.21184,198892311.6,1476.343631,0,0.009259259,1
362471749,US,12,10,70,http://on.off---white.com/official,0,0,1,1,17,36,10907035,8241,48.13888889,23955.82407,116.3703704,0,1.564814815,9315.80296,464310757.8,3558.440983,0,4.005105573,1
13336763,US,14,7,13,https://www.supremenewyork.com/,0,0,1,1,3,115,13635071,1649,745.9444444,128522.8611,196.1481481,0,0.388888889,358788.6885,3688162975,160658.8003,0,0.651090343,1
9538109,US,6,7,20,https://www.stussy.com/,0,0,1,1,0,1,4118628,2685,188.9722222,42584.30556,181.3518519,0,0.444444444,109533.2235,1109650649,58469.35168,0,0.735202492,1
4778815033,US,11,22,86,https://aapeus.com/,0,0,0,1,6,2,19338,327,3.046296296,199.7407407,129.7407407,2.851851852,1.37962963,40.17540672,15203.29664,3821.539633,1.155417099,1.508740048,1
1417300659,US,11,25,141,https://aape.jp/,0,0,0,1,3,17,61805,3752,0.25,104.3611111,145.9537037,6.212962963,0.083333333,0.413551402,2306.04595,1256.511855,1.4775874,0.245327103,1
248972346,US,9,23,16,https://hk.iteshop.com/s_it/b/Aape,0,0,1,1,4,5,189978,1918,0,418.0740741,141.9814815,3.805555556,2.194444444,0,38577.2468,2486.934233,0.270249221,0.999221184,1
5841159358,US,18,18,115,,0,0,0,0,1,297,265545,1288,20.5462963,1703.759259,369.3796296,15.00925926,1.138888889,346.7174628,14164457.14,50036.06949,175.0746798,0.644080997,1
7622544352,US,10,15,100,,0,0,0,0,66,90,99434,668,2.962962963,355.6574074,138.8055556,7.685185185,1.398148148,13.02665282,157135.0311,25899.33567,105.8438906,3.026912426,1
5783791274,US,17,28,145,http://roww.org/,0,0,0,0,24,4915,41054,1688,8.351851852,878.3888889,339.0185185,15.05555556,0.787037037,39.70681897,524528.5763,58429.75666,218.0529595,0.785998615,1
5761528077,US,14,19,114,,0,0,0,1,0,145,95540,1241,12.00925926,1256.555556,73.71296296,3.259259259,0.018518519,277.2055209,735216.0062,1325.010298,0.567670474,0.018345448,1
5555699247,US,20,11,150,,0,0,0,0,1,271,54243,1248,8.731481481,1510.222222,200.3333333,12.03703704,0.185185185,49.63750433,1901761.857,3491.551402,23.83039114,0.189685012,1
5951385086,US,7,12,29,http://youtube.com/jaychou,0,0,1,1,5,131,6382592,766,1471,99652.5,62.25,0.898148148,0.583333333,910208,2747665056,3774.338785,1.288594669,1.198598131,1
392407365,US,10,19,63,https://donate.roww.org/campaign/type-r-campaign/c330114,0,0,1,1,3,91,236642,763,25.60185185,1360.12037,820.3148148,5.444444444,0.916666667,1022.970838,606414.0508,294906.0121,8.417445483,1.348130841,1
9473172,US,8,9,147,https://youtu.be/BnL3XE1nyBk,0,0,1,0,19,394,16153664,667,1700.055556,289335.9259,178.3703704,0.138888889,1.018518519,2400238.838,37912691666,48220.23538,0.195482866,3.607130495,1
2212872,US,6,9,0,http://www.mdnsonline.com/,0,0,1,0,0,630,4215524,6829,3.797619048,33296.89286,30.83333333,0.261904762,0.071428571,52.95854848,643244266,1439.200803,0.942627653,0.067125645,1
